0,1500,1000,3250.0
5,1500,1000,3022.0
10,1500,1000,3022.0
15,1500,1000,3022.0
20,1500,1000,3022.0
25,1500,1000,3022.0
30,1500,1000,3022.0
35,1500,1000,3022.0
40,1500,1000,3022.0
45,1500,1000,3022.0
50,1500,1000,3022.0
55,1500,1000,3022.0
60,1500,1000,3022.0
65,1500,1000,3022.0
70,1500,1000,3022.0
75,1500,1000,3022.0
80,1500,1000,3022.0
85,1500,1000,3022.0
90,1638,862,3069.5
95,1638,862,3069.5
100,1638,862,3069.5
105,1638,862,3069.5
110,1638,862,3069.5
115,1638,862,3069.5
120,1638,862,3069.5
125,1638,862,3069.5
130,1638,862,3069.5
135,1638,862,3069.5
140,1638,862,3069.5
145,1638,862,3069.5
150,1638,862,3069.5
155,1638,862,3069.5
160,1638,862,3069.5
165,1638,862,3069.5
170,1638,862,3069.5
175,1638,862,3069.5
180,1638,862,3069.5
185,1638,862,3069.5
190,1638,862,3069.5
195,1638,862,3069.5
200,1638,862,3069.5
205,1638,862,3069.5
210,1638,862,3069.5
215,1638,862,3069.5
220,1638,862,3069.5
225,1638,862,3069.5
230,1638,862,3069.5
235,1638,862,3069.5
240,1105,1727,3217.416446875
245,1105,1727,3217.416446875
250,1105,1727,3217.416446875
255,1105,1727,3217.416446875
260,1105,1727,3217.416446875
265,901,2080,3293.724571875
270,778,2309,3356.7248531249998
275,778,2309,3356.7248531249998
280,778,2309,3356.7248531249998
285,778,2309,3356.7248531249998
290,778,2309,3356.7248531249998
295,778,2309,3356.7248531249998
300,778,2309,3356.7248531249998
305,778,2309,3356.7248531249998
310,778,2309,3356.7248531249998
315,778,2309,3356.7248531249998
320,778,2309,3356.7248531249998
325,778,2309,3356.7248531249998
330,778,2309,3356.7248531249998
335,778,2309,3356.7248531249998
340,778,2309,3356.7248531249998
345,778,2309,3356.7248531249998
350,778,2309,3356.7248531249998
355,778,2309,3356.7248531249998
360,778,2309,3356.724853125
365,778,2309,3356.724853125
370,778,2309,3356.724853125
375,778,2309,3356.724853125
380,778,2309,3356.724853125
385,778,2309,3356.724853125
390,778,2309,3356.724853125
395,778,2309,3356.724853125
400,778,2309,3356.724853125
405,778,2309,3356.724853125
410,778,2309,3356.724853125
415,700,2453,3396.688496453125
420,700,2453,3396.688496453125
425,700,2453,3396.688496453125
430,700,2453,3396.688496453125
435,700,2453,3396.688496453125
440,700,2453,3396.688496453125
445,700,2453,3396.688496453125
450,700,2453,3396.688496453125
455,700,2453,3396.688496453125
460,700,2453,3396.688496453125
465,700,2453,3396.688496453125
470,700,2453,3396.688496453125
475,700,2453,3396.688496453125
480,700,2453,3396.688496453125
485,700,2453,3396.688496453125
490,700,2453,3396.688496453125
495,700,2453,3396.688496453125
500,700,2453,3396.688496453125
505,700,2453,3396.688496453125
510,700,2453,3396.688496453125
515,700,2453,3396.688496453125
520,700,2453,3396.688496453125
525,906,2247,3467.9873930360354
530,906,2247,3467.9873930360354
535,906,2247,3467.9873930360354
540,906,2247,3467.9873930360354
545,906,2247,3467.9873930360354
550,906,2247,3467.9873930360354
555,906,2247,3467.9873930360354
560,906,2247,3467.9873930360354
565,906,2247,3467.9873930360354
570,906,2247,3467.9873930360354
575,906,2247,3467.9873930360354
580,906,2247,3467.987393036035
585,906,2247,3467.987393036035
590,906,2247,3467.987393036035
595,906,2247,3467.987393036035
600,906,2247,3467.987393036035
605,906,2247,3467.987393036035
610,906,2247,3467.987393036035
615,906,2247,3467.987393036035
620,906,2247,3467.987393036035
625,906,2247,3467.987393036035
630,906,2247,3467.987393036035
635,906,2247,3467.987393036035
640,906,2247,3467.987393036035
645,906,2247,3467.9873930360354
650,906,2247,3467.9873930360354
655,906,2247,3467.9873930360354
660,906,2247,3467.9873930360354
665,906,2247,3467.9873930360354
670,906,2247,3467.9873930360354
675,906,2247,3467.9873930360354
680,906,2247,3467.9873930360354
685,906,2247,3467.9873930360354
690,906,2247,3467.9873930360354
695,906,2247,3467.9873930360354
700,906,2247,3467.9873930360354
705,906,2247,3467.9873930360354
710,906,2247,3467.9873930360354
715,906,2247,3467.9873930360354
720,906,2247,3467.9873930360354
725,906,2247,3467.9873930360354
730,906,2247,3467.9873930360354
735,906,2247,3467.9873930360354
740,906,2247,3467.9873930360354
745,906,2247,3467.9873930360354
750,906,2247,3467.9873930360354
755,906,2247,3467.9873930360354
760,906,2247,3467.9873930360354
765,906,2247,3467.9873930360354
770,906,2247,3467.9873930360354
775,906,2247,3467.9873930360354
780,906,2247,3467.9873930360354
785,906,2247,3467.9873930360354
790,906,2247,3467.9873930360354
795,906,2247,3467.9873930360354
800,906,2247,3467.9873930360354
805,906,2247,3467.9873930360354
810,906,2247,3467.9873930360354
815,906,2247,3467.9873930360354
820,906,2247,3467.987393036035
825,906,2247,3467.987393036035
830,906,2247,3467.987393036035
835,906,2247,3467.987393036035
840,906,2247,3467.987393036035
845,906,2247,3467.987393036035
850,906,2247,3467.987393036035
855,906,2247,3467.987393036035
860,906,2247,3467.987393036035
865,906,2247,3467.987393036035
870,906,2247,3467.987393036035
875,906,2247,3467.987393036035
880,906,2247,3467.987393036035
885,906,2247,3467.987393036035
890,906,2247,3467.987393036035
895,906,2247,3467.987393036035
900,906,2247,3467.987393036035
905,906,2247,3467.987393036035
910,906,2247,3467.987393036035
915,906,2247,3467.987393036035
920,906,2247,3467.987393036035
925,906,2247,3467.987393036035
930,906,2247,3467.987393036035
935,906,2247,3467.987393036035
940,906,2247,3467.987393036035
945,906,2247,3467.987393036035
950,906,2247,3467.987393036035
955,906,2247,3467.987393036035
960,906,2247,3467.9873930360354
965,906,2247,3467.9873930360354
970,906,2247,3467.9873930360354
975,906,2247,3467.9873930360354
980,906,2247,3467.9873930360354
985,906,2247,3467.9873930360354
990,906,2247,3467.9873930360354
995,906,2247,3467.9873930360354
1000,906,2247,3467.9873930360354
1005,906,2247,3467.9873930360354
1010,906,2247,3467.9873930360354
1015,906,2247,3467.9873930360354
1020,906,2247,3467.9873930360354
1025,906,2247,3467.9873930360354
1030,906,2247,3467.9873930360354
1035,906,2247,3467.9873930360354
1040,906,2247,3467.9873930360354
1045,906,2247,3467.9873930360354
1050,906,2247,3467.9873930360354
1055,815,2398,3497.2168447868216
1060,815,2398,3497.2168447868216
1065,815,2398,3497.2168447868216
1070,498,2963,3634.7377434455793
1075,498,2963,3634.7377434455793
1080,498,2963,3634.7377434455793
1085,498,2963,3634.7377434455793
1090,498,2963,3634.7377434455793
1095,498,2963,3634.7377434455793
1100,498,2963,3634.7377434455784
1105,498,2963,3634.7377434455784
1110,498,2963,3634.7377434455784
1115,498,2963,3634.7377434455784
1120,498,2963,3634.737743445579
1125,498,2963,3634.737743445579
1130,498,2963,3634.737743445579
1135,498,2963,3634.737743445579
1140,498,2963,3634.737743445579
1145,498,2963,3634.737743445579
1150,498,2963,3634.737743445579
1155,498,2963,3634.737743445579
1160,498,2963,3634.737743445579
1165,498,2963,3634.737743445579
1170,498,2963,3634.737743445579
1175,498,2963,3634.737743445579
1180,498,2963,3634.737743445579
1185,498,2963,3634.737743445579
1190,498,2963,3634.737743445579
1195,498,2963,3634.737743445579
1200,498,2963,3634.737743445579
1205,498,2963,3634.737743445579
1210,498,2963,3634.737743445579
1215,498,2963,3634.737743445579
1220,498,2963,3634.737743445579
1225,498,2963,3634.737743445579
1230,498,2963,3634.737743445579
1235,498,2963,3634.737743445579
1240,498,2963,3634.737743445579
1245,498,2963,3634.737743445579
1250,498,2963,3634.737743445579
1255,498,2963,3634.737743445579
1260,498,2963,3634.7377434455784
1265,498,2963,3634.7377434455784
1270,498,2963,3634.7377434455784
1275,498,2963,3634.7377434455784
1280,498,2963,3634.737743445579
1285,498,2963,3634.737743445579
1290,498,2963,3634.737743445579
1295,498,2963,3634.737743445579
1300,498,2963,3634.737743445579
1305,498,2963,3634.737743445579
1310,498,2963,3634.737743445579
1315,498,2963,3634.737743445579
1320,498,2963,3634.737743445579
1325,498,2963,3633.737743445579
1330,498,2963,3633.737743445579
1335,498,2963,3633.737743445579
1340,498,2963,3633.7377434455784
1345,498,2963,3633.7377434455784
1350,498,2963,3633.7377434455784
1355,498,2963,3633.7377434455784
1360,498,2963,3633.7377434455784
1365,498,2963,3633.7377434455784
1370,392,3165,3693.1870337884934
1375,392,3165,3693.1870337884934
1380,392,3165,3693.1870337884934
1385,392,3165,3693.1870337884934
1390,392,3165,3693.1870337884934
1395,392,3165,3693.1870337884934
1400,392,3165,3693.1870337884934
1405,392,3165,3693.1870337884934
1410,392,3165,3693.1870337884934
1415,392,3165,3693.1870337884934
1420,374,3203,3707.2744545476526
1425,374,3203,3707.2744545476526
1430,374,3203,3707.2744545476526
1435,374,3203,3707.2744545476526
1440,374,3203,3707.2744545476526
1445,374,3203,3707.2744545476526
1450,374,3203,3707.2744545476526
1455,374,3203,3707.2744545476526
1460,374,3203,3707.2744545476526
1465,374,3203,3707.2744545476526
1470,374,3203,3707.2744545476526
1475,374,3203,3707.2744545476526
1480,374,3203,3707.2744545476526
1485,374,3203,3707.2744545476526
1490,374,3203,3707.2744545476526
1495,374,3203,3707.2744545476526
1500,374,3203,3707.2744545476526
1505,374,3203,3707.2744545476526
1510,374,3203,3707.2744545476526
1515,374,3203,3707.2744545476526
1520,374,3203,3707.2744545476526
1525,374,3203,3707.2744545476526
1530,374,3203,3707.2744545476526
1535,374,3203,3707.2744545476526
1540,374,3203,3707.2744545476526
1545,374,3203,3707.2744545476526
1550,374,3203,3707.2744545476526
1555,374,3203,3707.2744545476526
1560,374,3203,3707.2744545476526
1565,374,3203,3707.2744545476526
1570,374,3203,3707.2744545476526
1575,374,3203,3707.2744545476526
1580,374,3203,3707.2744545476526
1585,374,3203,3707.2744545476526
1590,374,3203,3707.2744545476526
1595,374,3203,3707.2744545476526
1600,374,3203,3707.2744545476526
1605,374,3203,3707.2744545476526
1610,374,3203,3707.2744545476526
1615,374,3203,3707.2744545476526
1620,374,3203,3707.2744545476526
1625,374,3203,3707.2744545476526
1630,374,3203,3707.2744545476526
1635,374,3203,3707.2744545476526
1640,374,3203,3707.2744545476526
1645,374,3203,3707.2744545476526
1650,374,3203,3707.2744545476526
1655,374,3203,3707.2744545476526
1660,374,3203,3707.2744545476526
1665,374,3203,3707.2744545476526
1670,374,3203,3707.2744545476526
1675,374,3203,3707.2744545476526
1680,374,3203,3707.2744545476526
1685,374,3203,3707.2744545476526
1690,374,3203,3707.2744545476526
1695,374,3203,3707.2744545476526
1700,374,3203,3707.2744545476526
1705,374,3203,3707.2744545476526
1710,374,3203,3707.2744545476526
1715,374,3203,3707.2744545476526
1720,374,3203,3707.2744545476526
1725,374,3203,3707.2744545476526
1730,374,3203,3707.2744545476526
1735,374,3203,3707.2744545476526
1740,374,3203,3707.2744545476526
1745,374,3203,3707.2744545476526
1750,374,3203,3707.2744545476526
1755,374,3203,3707.2744545476526
1760,374,3203,3707.2744545476526
1765,374,3203,3707.2744545476526
1770,374,3203,3707.2744545476526
1775,374,3203,3707.2744545476526
1780,374,3203,3707.2744545476526
1785,374,3203,3707.2744545476526
1790,374,3203,3707.2744545476526
1795,374,3203,3707.2744545476526
1800,374,3203,3707.2744545476526
1805,374,3203,3707.2744545476526
1810,589,2989,3781.5549637662552
1815,589,2989,3781.5549637662552
1820,589,2989,3781.5549637662552
1825,589,2989,3781.5549637662552
1830,589,2989,3781.5549637662552
1835,589,2989,3781.5549637662552
1840,589,2989,3781.5549637662552
1845,589,2989,3781.5549637662552
1850,589,2989,3781.5549637662552
1855,589,2989,3781.5549637662552
1860,589,2989,3781.5549637662552
1865,589,2989,3781.5549637662552
1870,589,2989,3781.5549637662552
1875,589,2989,3781.5549637662552
1880,589,2989,3781.5549637662552
1885,589,2989,3781.5549637662552
1890,589,2989,3781.5549637662552
1895,589,2989,3781.5549637662552
1900,589,2989,3781.5549637662552
1905,589,2989,3781.5549637662552
1910,589,2989,3781.5549637662552
1915,589,2989,3781.5549637662552
1920,589,2989,3781.5549637662552
1925,589,2989,3781.5549637662552
1930,589,2989,3781.5549637662552
1935,589,2989,3781.5549637662552
1940,589,2989,3781.5549637662552
1945,589,2989,3781.5549637662552
1950,589,2989,3781.5549637662552
1955,589,2989,3781.5549637662552
1960,589,2989,3781.5549637662552
1965,589,2989,3781.5549637662552
1970,589,2989,3781.5549637662552
1975,589,2989,3781.5549637662552
1980,589,2989,3781.5549637662552
1985,589,2989,3781.5549637662552
1990,589,2989,3781.5549637662552
1995,589,2989,3781.5549637662552
2000,589,2989,3781.5549637662552
2005,589,2989,3781.5549637662552
2010,589,2989,3781.5549637662552
2015,589,2989,3781.5549637662552
2020,589,2989,3781.5549637662552
2025,589,2989,3781.5549637662552
2030,589,2989,3781.5549637662552
2035,589,2989,3781.5549637662552
2040,589,2989,3781.5549637662552
2045,589,2989,3781.5549637662552
2050,589,2989,3781.5549637662552
2055,589,2989,3781.5549637662552
2060,589,2989,3781.5549637662552
2065,589,2989,3781.5549637662552
2070,589,2989,3781.5549637662552
2075,589,2989,3781.5549637662552
2080,589,2989,3781.5549637662552
2085,589,2989,3781.5549637662552
2090,589,2989,3781.5549637662552
2095,397,3422,3956.962263272024
2100,397,3422,3956.962263272024
2105,397,3422,3956.962263272024
2110,397,3422,3956.962263272024
2115,397,3422,3956.962263272024
2120,397,3422,3956.962263272024
2125,397,3422,3956.962263272024
2130,397,3422,3956.962263272024
2135,397,3422,3956.962263272024
2140,397,3422,3956.962263272024
2145,397,3422,3956.962263272024
2150,397,3422,3956.962263272024
2155,397,3422,3956.962263272024
2160,397,3422,3956.962263272024
2165,397,3422,3956.962263272024
2170,397,3422,3956.962263272024
2175,397,3422,3956.962263272024
2180,397,3422,3956.962263272024
2185,397,3422,3956.962263272024
2190,397,3422,3956.962263272024
2195,397,3422,3956.962263272024
2200,397,3422,3956.962263272024
2205,397,3422,3956.962263272024
2210,397,3422,3956.962263272024
2215,397,3422,3956.962263272024
2220,397,3422,3956.962263272024
2225,397,3422,3956.962263272024
2230,324,3599,4034.5029148018684
2235,324,3599,4034.5029148018684
2240,324,3599,4034.5029148018684
2245,324,3599,4034.5029148018684
2250,324,3599,4034.5029148018684
2255,324,3599,4034.5029148018684
2260,324,3599,4034.5029148018684
2265,324,3599,4034.5029148018684
2270,324,3599,4034.5029148018684
2275,324,3599,4034.5029148018684
2280,324,3599,4034.5029148018684
2285,324,3599,4034.5029148018684
2290,324,3599,4034.5029148018684
2295,324,3599,4034.5029148018684
2300,324,3599,4034.5029148018684
2305,324,3599,4034.5029148018684
2310,324,3599,4034.5029148018684
2315,324,3599,4034.5029148018684
2320,324,3599,4034.5029148018684
2325,324,3599,4034.5029148018684
2330,324,3599,4034.5029148018684
2335,324,3599,4034.5029148018684
2340,324,3599,4034.5029148018684
2345,324,3599,4034.5029148018684
2350,324,3599,4034.5029148018684
2355,324,3599,4034.5029148018684
2360,324,3599,4034.5029148018684
2365,324,3599,4034.5029148018684
2370,324,3599,4034.5029148018684
2375,324,3599,4034.5029148018684
2380,324,3599,4034.5029148018684
2385,324,3599,4034.5029148018684
2390,324,3599,4034.5029148018684
2395,324,3599,4034.5029148018684
2400,324,3599,4034.5029148018684
2405,324,3599,4034.5029148018684
2410,324,3599,4034.5029148018684
2415,324,3599,4034.5029148018684
2420,324,3599,4034.5029148018684
2425,324,3599,4034.5029148018684
2430,308,3638,4053.4928993896456
2435,308,3638,4053.4928993896456
2440,308,3638,4053.4928993896456
2445,308,3638,4053.4928993896456
2450,308,3638,4053.4928993896456
2455,308,3638,4053.4928993896456
2460,274,3733,4101.989780778571
2465,274,3733,4101.989780778571
2470,274,3733,4101.989780778571
2475,274,3733,4101.989780778571
2480,243,3823,4150.378102107109
2485,243,3823,4150.378102107109
2490,243,3823,4150.378102107109
2495,243,3823,4150.378102107109
2500,243,3823,4150.378102107109
2505,243,3823,4150.378102107109
2510,243,3823,4150.378102107109
2515,243,3823,4150.378102107109
2520,243,3823,4150.378102107109
2525,243,3823,4150.378102107109
2530,243,3823,4150.378102107109
2535,243,3823,4150.378102107109
2540,243,3823,4150.378102107109
2545,243,3823,4150.378102107109
2550,243,3823,4150.378102107109
2555,243,3823,4150.378102107109
2560,243,3823,4150.378102107109
2565,243,3823,4150.378102107109
2570,243,3823,4150.378102107109
2575,243,3823,4150.378102107109
2580,243,3823,4150.378102107109
2585,243,3823,4150.378102107109
2590,243,3823,4150.378102107109
2595,243,3823,4150.378102107109
2600,243,3823,4150.378102107109
2605,243,3823,4150.378102107109
2610,243,3823,4150.378102107108
2615,243,3823,4150.378102107108
2620,243,3823,4150.378102107108
2625,243,3823,4150.378102107108
2630,243,3823,4150.378102107108
2635,243,3823,4150.378102107108
2640,243,3823,4150.378102107108
2645,243,3823,4150.378102107108
2650,243,3823,4150.378102107108
2655,243,3823,4150.378102107108
2660,243,3823,4150.378102107108
2665,243,3823,4150.378102107108
2670,243,3823,4150.378102107108
2675,243,3823,4150.378102107108
2680,243,3823,4150.378102107108
2685,243,3823,4150.378102107108
2690,243,3823,4150.378102107108
2695,243,3823,4150.378102107108
2700,243,3823,4150.378102107108
2705,243,3823,4150.378102107108
2710,243,3823,4150.378102107108
2715,243,3823,4150.378102107108
2720,243,3823,4150.378102107108
2725,243,3823,4150.378102107108
2730,243,3823,4150.378102107108
2735,243,3823,4150.378102107108
2740,243,3823,4150.378102107108
2745,243,3823,4150.378102107108
2750,243,3823,4150.378102107108
2755,243,3823,4150.378102107108
2760,243,3823,4150.378102107108
2765,243,3823,4150.378102107108
2770,243,3823,4150.378102107109
2775,243,3823,4150.378102107109
2780,243,3823,4150.378102107109
2785,243,3823,4150.378102107109
2790,243,3823,4150.378102107109
2795,243,3823,4150.378102107109
2800,243,3823,4150.378102107109
2805,243,3823,4150.378102107109
2810,243,3823,4150.378102107109
2815,243,3823,4150.378102107109
2820,243,3823,4150.378102107109
2825,243,3823,4150.378102107109
2830,243,3823,4150.378102107109
2835,243,3823,4150.378102107109
2840,243,3823,4150.378102107109
2845,243,3823,4150.378102107109
2850,637,3429,4288.0100924384005
2855,637,3429,4288.0100924384005
2860,637,3429,4288.0100924384005
2865,1032,3035,4424.642082769693
2870,1032,3035,4424.642082769693
2875,1032,3035,4424.642082769693
2880,1032,3035,4424.642082769693
2885,1032,3035,4424.642082769693
2890,1032,3035,4424.642082769693
2895,1032,3035,4424.642082769693
2900,1032,3035,4424.642082769693
2905,1032,3035,4424.642082769693
2910,1032,3035,4424.642082769693
2915,1032,3035,4424.642082769693
2920,1032,3035,4424.642082769693
2925,1032,3035,4424.642082769693
2930,1032,3035,4424.642082769693
2935,1032,3035,4424.642082769693
2940,1032,3035,4424.642082769693
2945,1032,3035,4424.642082769693
2950,1032,3035,4424.642082769693
2955,1032,3035,4424.642082769693
2960,1032,3035,4424.642082769693
2965,1032,3035,4424.642082769692
2970,1032,3035,4424.642082769692
2975,1032,3035,4424.642082769692
2980,1032,3035,4424.642082769692
2985,1032,3035,4424.642082769692
2990,1032,3035,4424.642082769692
2995,1032,3035,4424.642082769692
3000,1032,3035,4424.642082769692
3005,1032,3035,4424.642082769692
3010,1032,3035,4424.642082769692
3015,1449,2617,4569.378796388859
3020,1449,2617,4569.378796388859
3025,1866,2200,4714.115510008027
3030,1866,2200,4714.115510008027
3035,1866,2200,4714.115510008027
3040,1866,2200,4714.115510008027
3045,1866,2200,4714.115510008027
3050,1866,2200,4714.115510008027
3055,1866,2200,4714.115510008027
3060,1866,2200,4714.115510008027
3065,1866,2200,4714.115510008027
3070,1866,2200,4714.115510008027
3075,1866,2200,4714.115510008027
3080,1866,2200,4714.115510008027
3085,1866,2200,4714.115510008027
3090,1866,2200,4714.115510008027
3095,1866,2200,4714.115510008027
3100,1866,2200,4714.115510008027
3105,1866,2200,4714.115510008027
3110,1866,2200,4714.115510008026
3115,1866,2200,4714.115510008026
3120,1866,2200,4714.115510008026
3125,1866,2200,4714.115510008026
3130,1866,2200,4714.115510008026
3135,1866,2200,4714.115510008026
3140,1866,2200,4714.115510008026
3145,1866,2200,4714.115510008026
3150,1680,2692,4953.527873713934
3155,1026,4526,5908.909642342153
3160,1026,4526,5908.909642342153
3165,1026,4526,5908.909642342153
3170,1026,4526,5908.909642342153
3175,1026,4526,5908.909642342153
3180,1026,4526,5908.909642342153
3185,1026,4526,5908.909642342153
3190,1026,4526,5908.909642342153
3195,1026,4526,5908.909642342153
3200,1026,4526,5908.909642342154
3205,1026,4526,5908.909642342154
3210,1026,4526,5908.909642342154
3215,938,4770,6032.742885057308
3220,738,5346,6340.924177774623
3225,738,5346,6340.924177774623
3230,738,5346,6340.924177774623
3235,738,5346,6340.924177774623
3240,738,5346,6340.924177774623
3245,738,5346,6340.924177774623
3250,628,5680,6524.942318480313
3255,628,5680,6524.942318480313
3260,628,5680,6524.942318480313
3265,628,5680,6524.942318480313
3270,628,5680,6524.942318480313
3275,628,5680,6524.942318480313
3280,628,5680,6523.942318480313
3285,628,5680,6523.942318480313
3290,628,5680,6523.942318480313
3295,628,5680,6523.942318480313
3300,628,5680,6523.942318480313
3305,628,5680,6523.942318480313
3310,628,5680,6523.942318480313
3315,628,5680,6523.942318480313
3320,628,5680,6523.942318480313
3325,628,5680,6523.942318480313
3330,628,5680,6523.942318480313
3335,628,5680,6523.942318480313
3340,628,5680,6523.942318480314
3345,628,5680,6523.942318480314
3350,628,5680,6523.942318480314
3355,628,5680,6523.942318480314
3360,628,5680,6523.942318480314
3365,628,5680,6523.942318480314
3370,628,5680,6523.942318480314
3375,628,5680,6523.942318480314
3380,628,5680,6523.942318480314
3385,628,5680,6523.942318480314
3390,628,5680,6523.942318480314
3395,628,5680,6523.942318480314
3400,628,5680,6523.942318480314
3405,628,5680,6523.942318480314
3410,628,5680,6523.942318480314
3415,1169,5138,6710.427757502057
3420,1169,5138,6710.427757502057
3425,1711,4597,6897.913196523799
3430,1711,4597,6897.913196523799
3435,1711,4597,6897.913196523799
3440,1711,4597,6897.913196523799
3445,1711,4597,6897.913196523799
3450,1711,4597,6897.913196523799
3455,1711,4597,6897.913196523799
3460,1711,4597,6897.913196523799
3465,1711,4597,6897.913196523799
3470,1711,4597,6897.913196523799
3475,1711,4597,6897.913196523799
3480,1711,4597,6897.913196523799
3485,1711,4597,6897.913196523799
3490,1711,4597,6897.913196523799
3495,1711,4597,6897.913196523799
3500,1711,4597,6897.913196523799
3505,1711,4597,6897.913196523799
3510,1711,4597,6897.913196523799
3515,1711,4597,6897.913196523799
3520,1711,4597,6897.913196523799
3525,1711,4597,6897.913196523799
3530,1711,4597,6897.913196523799
3535,1711,4597,6897.913196523799
3540,1711,4597,6897.913196523799
3545,1711,4597,6897.913196523799
3550,1711,4597,6897.913196523799
3555,1711,4597,6897.913196523799
3560,1711,4597,6897.913196523799
3565,1711,4597,6897.913196523799
3570,1711,4597,6897.913196523799
3575,1711,4597,6897.913196523799
3580,1711,4597,6897.913196523799
3585,1711,4597,6897.913196523799
3590,1711,4597,6897.913196523799
3595,1711,4597,6897.913196523799
3600,1711,4597,6897.913196523799
3605,1711,4597,6897.913196523799
3610,1711,4597,6897.913196523799
3615,1711,4597,6897.913196523799
3620,1711,4597,6897.913196523799
3625,1711,4597,6897.913196523799
3630,1711,4597,6897.913196523799
3635,1711,4597,6897.913196523799
3640,1540,5084,7155.2422937575075
3645,1540,5084,7155.2422937575075
3650,1540,5084,7155.2422937575075
3655,1540,5084,7155.2422937575075
3660,1155,6236,7788.807626261818
3665,1155,6236,7788.807626261818
3670,1155,6236,7788.807626261818
3675,1155,6236,7788.807626261818
3680,1155,6236,7788.807626261818
3685,1155,6236,7788.807626261818
3690,1155,6236,7788.807626261818
3695,1155,6236,7788.807626261818
3700,1155,6236,7788.807626261818
3705,1155,6236,7788.807626261818
3710,1155,6236,7788.807626261818
3715,1155,6236,7788.807626261818
3720,1155,6236,7788.807626261818
3725,1155,6236,7788.807626261818
3730,1155,6236,7788.807626261818
3735,1155,6236,7788.807626261818
3740,1155,6236,7788.807626261818
3745,1155,6236,7788.807626261818
3750,1155,6236,7788.807626261818
3755,1155,6236,7788.807626261818
3760,1155,6236,7788.807626261818
3765,1155,6236,7788.807626261818
3770,1155,6236,7788.807626261818
3775,1155,6236,7788.807626261818
3780,1155,6236,7788.807626261818
3785,1155,6236,7788.807626261818
3790,1155,6236,7788.807626261818
3795,1155,6236,7788.807626261818
3800,1155,6236,7788.807626261818
3805,1155,6236,7788.807626261818
3810,1155,6236,7788.807626261818
3815,1155,6236,7788.807626261818
3820,1155,6236,7788.807626261818
3825,1155,6236,7788.807626261818
3830,1155,6236,7788.807626261818
3835,1155,6236,7788.807626261818
3840,1155,6236,7788.807626261818
3845,1155,6236,7788.807626261818
3850,1155,6236,7788.807626261818
3855,1155,6236,7788.807626261818
3860,1155,6236,7788.807626261818
3865,1155,6236,7788.807626261818
3870,1155,6236,7788.807626261818
3875,1155,6236,7788.807626261818
3880,1155,6236,7788.807626261818
3885,1155,6236,7788.807626261818
3890,2012,5378,8084.384077650818
3895,2012,5378,8084.384077650818
3900,2012,5378,8084.384077650818
3905,2012,5378,8084.384077650818
3910,2012,5378,8084.384077650818
3915,2012,5378,8084.384077650818
3920,2012,5378,8084.384077650818
3925,2012,5378,8084.384077650818
3930,2012,5378,8084.384077650818
3935,2012,5378,8084.384077650818
3940,2012,5378,8084.384077650818
3945,2012,5378,8084.384077650818
3950,2012,5378,8084.384077650818
3955,2012,5378,8084.384077650818
3960,2012,5378,8084.384077650818
3965,2012,5378,8084.384077650818
3970,2012,5378,8084.384077650818
3975,2012,5378,8084.384077650818
3980,2012,5378,8084.384077650818
3985,2012,5378,8084.384077650818
3990,2012,5378,8084.384077650818
3995,2012,5378,8084.384077650818
4000,2012,5378,8084.384077650818
4005,2012,5378,8084.384077650818
4010,2012,5378,8084.384077650818
4015,2012,5378,8084.384077650818
4020,2012,5378,8084.384077650818
4025,2012,5378,8084.384077650818
4030,2012,5378,8084.384077650818
4035,2012,5378,8084.384077650818
4040,2012,5378,8084.384077650818
4045,2012,5378,8084.384077650818
4050,2012,5378,8084.384077650818
4055,2012,5378,8084.384077650818
4060,2012,5378,8084.384077650818
4065,2012,5378,8084.384077650818
4070,2012,5378,8084.384077650818
4075,2012,5378,8084.384077650818
4080,2012,5378,8084.384077650818
4085,2012,5378,8084.384077650818
4090,2012,5378,8084.384077650818
4095,2012,5378,8084.384077650818
4100,2012,5378,8084.384077650818
4105,2012,5378,8084.384077650818
4110,2012,5378,8084.384077650818
4115,2012,5378,8084.384077650818
4120,2012,5378,8084.384077650818
4125,2012,5378,8084.384077650818
4130,2012,5378,8084.384077650818
4135,2012,5378,8084.384077650818
4140,2012,5378,8084.384077650818
4145,2012,5378,8084.384077650818
4150,2012,5378,8084.384077650818
4155,2012,5378,8084.384077650818
4160,2012,5378,8084.384077650818
4165,2012,5378,8084.384077650818
4170,2012,5378,8084.384077650818
4175,2012,5378,8084.384077650818
4180,2012,5378,8084.384077650818
4185,2012,5378,8084.384077650818
4190,2012,5378,8084.384077650818
4195,2012,5378,8084.384077650818
4200,2012,5378,8084.384077650818
4205,2012,5378,8084.384077650818
4210,2012,5378,8084.384077650818
4215,2012,5378,8084.384077650818
4220,2012,5378,8084.384077650818
4225,2012,5378,8084.384077650818
4230,2012,5378,8084.384077650818
4235,2012,5378,8084.384077650818
4240,2012,5378,8084.384077650818
4245,2012,5378,8084.384077650818
4250,2012,5378,8084.384077650818
4255,2012,5378,8084.384077650818
4260,2012,5378,8084.384077650818
4265,2012,5378,8084.384077650818
4270,2012,5378,8084.384077650818
4275,2012,5378,8084.384077650818
4280,2012,5378,8084.384077650818
4285,2012,5378,8084.384077650818
4290,2012,5378,8084.384077650818
4295,2012,5378,8084.384077650818
4300,2012,5378,8084.384077650818
4305,2012,5378,8084.384077650818
4310,2012,5378,8084.384077650818
4315,2012,5378,8084.384077650818
4320,2012,5378,8084.384077650818
4325,2012,5378,8084.384077650818
4330,2012,5378,8084.384077650818
4335,2012,5378,8084.384077650818
4340,2012,5378,8084.384077650818
4345,2012,5378,8084.384077650818
4350,2012,5378,8084.384077650818
4355,2012,5378,8084.384077650818
4360,2012,5378,8084.384077650818
4365,2012,5378,8084.384077650818
4370,2012,5378,8084.384077650818
4375,2012,5378,8084.384077650818
4380,2012,5378,8084.384077650818
4385,2012,5378,8084.384077650818
4390,2012,5378,8084.384077650818
4395,2012,5378,8084.384077650818
4400,2012,5378,8084.384077650818
4405,2012,5378,8084.384077650818
4410,2012,5378,8084.384077650818
4415,2012,5378,8084.384077650818
4420,2012,5378,8084.384077650818
4425,2012,5378,8084.384077650818
4430,2012,5378,8084.384077650818
4435,2012,5378,8084.384077650818
4440,2012,5378,8084.384077650818
4445,2012,5378,8084.384077650818
4450,2012,5378,8084.384077650818
4455,2012,5378,8084.384077650818
4460,2012,5378,8084.384077650818
4465,2012,5378,8084.384077650818
4470,2012,5378,8084.384077650818
4475,2012,5378,8084.384077650818
4480,2012,5378,8084.384077650818
4485,2012,5378,8084.384077650818
4490,2012,5378,8084.384077650818
4495,2012,5378,8084.384077650818
4500,2012,5378,8084.384077650818
4505,2012,5378,8084.384077650818
4510,2012,5378,8084.384077650818
4515,2012,5378,8084.384077650818
4520,2012,5378,8084.384077650818
4525,2012,5378,8084.384077650818
4530,2012,5378,8084.384077650818
4535,2012,5378,8084.384077650818
4540,2012,5378,8084.384077650818
4545,2012,5378,8084.384077650818
4550,2012,5378,8084.384077650818
4555,2012,5378,8084.384077650818
4560,2012,5378,8084.384077650818
4565,2012,5378,8084.384077650818
4570,2012,5378,8084.384077650818
4575,2012,5378,8084.384077650818
4580,2012,5378,8084.384077650818
4585,2012,5378,8084.384077650818
4590,2012,5378,8084.384077650818
4595,2012,5378,8084.384077650818
4600,2012,5378,8084.384077650818
4605,2012,5378,8084.384077650818
4610,2012,5378,8084.384077650818
4615,2012,5378,8084.384077650818
4620,1811,5844,8280.155458139085
4625,1358,6945,8771.779610662727
4630,1358,6945,8771.779610662727
4635,1358,6945,8771.779610662727
4640,1358,6945,8771.779610662727
4645,1358,6945,8771.779610662727
4650,1358,6945,8771.779610662727
4655,1358,6945,8771.779610662728
4660,1358,6945,8771.779610662728
4665,1358,6945,8771.779610662728
4670,1358,6945,8771.779610662728
4675,1358,6945,8771.779610662728
4680,1358,6945,8771.779610662728
4685,1358,6945,8771.779610662728
4690,1358,6945,8771.779610662728
4695,1358,6945,8771.779610662728
4700,1358,6945,8771.779610662728
4705,1358,6945,8771.779610662728
4710,1358,6945,8771.779610662728
4715,1358,6945,8771.779610662728
4720,1358,6945,8771.779610662728
4725,1358,6945,8771.779610662728
4730,1358,6945,8771.779610662728
4735,1934,6369,8969.880417168559
4740,1934,6369,8969.880417168559
4745,1934,6369,8969.880417168559
4750,1934,6369,8969.880417168559
4755,1934,6369,8969.880417168559
4760,1934,6369,8969.880417168559
4765,1934,6369,8969.880417168559
4770,2510,5793,9168.98122367439
4775,2510,5793,9168.98122367439
4780,2824,5479,9276.85439085939
4785,2824,5479,9276.85439085939
4790,2824,5479,9276.85439085939
4795,2824,5479,9276.85439085939
4800,2824,5479,9276.85439085939
4805,2824,5479,9276.85439085939
4810,2824,5479,9276.85439085939
4815,2824,5479,9276.85439085939
4820,2824,5479,9276.85439085939
4825,2824,5479,9276.85439085939
4830,2824,5479,9276.85439085939
4835,2824,5479,9276.85439085939
4840,2824,5479,9276.85439085939
4845,2824,5479,9276.85439085939
4850,2824,5479,9276.85439085939
4855,2824,5479,9276.85439085939
4860,2824,5479,9276.85439085939
4865,2824,5479,9276.85439085939
4870,2824,5479,9276.85439085939
4875,2824,5479,9276.85439085939
4880,2824,5479,9276.85439085939
4885,2824,5479,9276.85439085939
4890,2824,5479,9276.85439085939
4895,2824,5479,9276.85439085939
4900,2824,5479,9276.85439085939
4905,2824,5479,9276.85439085939
4910,2824,5479,9276.85439085939
4915,2824,5479,9276.85439085939
4920,2824,5479,9276.85439085939
4925,2824,5479,9276.85439085939
4930,2824,5479,9276.85439085939
4935,2824,5479,9276.85439085939
4940,2824,5479,9276.85439085939
4945,2824,5479,9276.85439085939
4950,2824,5479,9276.85439085939
4955,2824,5479,9276.85439085939
4960,2542,5954,9373.179324006354
4965,2542,5954,9373.179324006354
4970,2542,5954,9373.179324006354
4975,2542,5954,9373.179324006354
4980,2542,5954,9373.179324006356
4985,2542,5954,9373.179324006356
4990,2542,5954,9373.179324006356
4995,2542,5954,9373.179324006356
5000,2542,5954,9373.179324006356
5005,2542,5954,9373.179324006356
5010,2542,5954,9373.179324006356
5015,2542,5954,9373.179324006356
5020,2542,5954,9373.179324006356
5025,2542,5954,9373.179324006356
5030,2542,5954,9373.179324006356
5035,2542,5954,9373.179324006356
5040,2542,5954,9373.179324006356
5045,2542,5954,9373.179324006356
5050,2542,5954,9373.179324006356
5055,2542,5954,9373.179324006356
5060,2542,5954,9373.179324006356
5065,2542,5954,9373.179324006356
5070,2542,5954,9373.179324006356
5075,2542,5954,9373.179324006356
5080,2974,5522,9521.567687311355
5085,2974,5522,9521.567687311355
5090,3407,5089,9670.956050616354
5095,3407,5089,9670.956050616354
5100,3407,5089,9670.956050616354
5105,3407,5089,9670.956050616354
5110,3407,5089,9670.956050616354
5115,3407,5089,9670.956050616354
5120,3407,5089,9670.956050616354
5125,3407,5089,9670.956050616354
5130,3407,5089,9670.956050616354
5135,3407,5089,9670.956050616354
5140,3407,5089,9670.956050616354
5145,3407,5089,9670.956050616354
5150,3407,5089,9670.956050616354
5155,3407,5089,9670.956050616354
5160,3407,5089,9670.956050616354
5165,3407,5089,9670.956050616354
5170,3407,5089,9670.956050616354
5175,3407,5089,9670.956050616354
5180,3407,5089,9670.956050616354
5185,3407,5089,9670.956050616354
5190,3407,5089,9670.956050616354
5195,3407,5089,9670.956050616354
5200,3407,5089,9670.956050616354
5205,3407,5089,9670.956050616354
5210,3407,5089,9670.956050616354
5215,3407,5089,9670.956050616354
5220,3407,5089,9670.956050616354
5225,3407,5089,9670.956050616354
5230,3407,5089,9670.956050616354
5235,3407,5089,9670.956050616354
5240,3245,5340,9705.01939398595
5245,3245,5340,9705.01939398595
5250,3245,5340,9705.01939398595
5255,3245,5340,9705.01939398595
5260,3245,5340,9705.01939398595
5265,3245,5340,9705.01939398595
5270,3245,5340,9705.01939398595
5275,3245,5340,9705.01939398595
5280,3245,5340,9705.01939398595
5285,3245,5340,9705.01939398595
5290,3245,5340,9705.01939398595
5295,3245,5340,9705.01939398595
5300,3245,5340,9705.01939398595
5305,3245,5340,9705.01939398595
5310,3245,5340,9705.01939398595
5315,3245,5340,9705.01939398595
5320,2989,5749,9769.619859722512
5325,2989,5749,9769.619859722512
5330,2414,6714,9961.148357524666
5335,2414,6714,9961.148357524666
5340,2414,6714,9961.148357524666
5345,2414,6714,9961.148357524666
5350,2414,6714,9961.148357524666
5355,2414,6714,9961.148357524666
5360,2414,6714,9961.148357524666
5365,2414,6714,9961.148357524666
5370,2224,7035,10025.622663795664
5375,2224,7035,10025.622663795664
5380,2224,7035,10025.622663795664
5385,2224,7035,10025.622663795664
5390,2224,7035,10025.622663795664
5395,2224,7035,10025.622663795664
5400,2224,7035,10025.622663795664
5405,2224,7035,10025.622663795664
5410,2224,7035,10025.622663795664
5415,2224,7035,10025.622663795664
5420,2224,7035,10025.622663795664
5425,2224,7035,10025.622663795664
5430,2224,7035,10025.622663795664
5435,2224,7035,10025.622663795664
5440,2224,7035,10025.622663795664
5445,2224,7035,10025.622663795664
5450,2224,7035,10025.622663795664
5455,2224,7035,10025.622663795664
5460,2224,7035,10025.622663795664
5465,2224,7035,10023.622663795664
5470,2224,7035,10023.622663795664
5475,2224,7035,10023.622663795664
5480,2224,7035,10023.622663795664
5485,2224,7035,10023.622663795664
5490,2224,7035,10023.622663795664
5495,2224,7035,10023.622663795664
5500,2224,7035,10023.622663795664
5505,2224,7035,10023.622663795664
5510,2224,7035,10023.622663795664
5515,2224,7035,10023.622663795664
5520,2224,7035,10023.622663795664
5525,2224,7035,10023.622663795664
5530,2224,7035,10023.622663795664
5535,2224,7035,10023.622663795664
5540,2224,7035,10023.622663795664
5545,2224,7035,10023.622663795664
5550,2224,7035,10023.622663795664
5555,2224,7035,10023.622663795664
5560,2224,7035,10023.622663795664
5565,2224,7035,10023.622663795664
5570,2224,7035,10023.622663795664
5575,2224,7035,10023.622663795664
5580,2224,7035,10023.622663795664
5585,2224,7035,10023.622663795664
5590,2224,7035,10023.622663795664
5595,2224,7035,10023.622663795664
5600,2224,7035,10023.622663795664
5605,2224,7035,10023.622663795664
5610,2224,7035,10023.622663795664
5615,2224,7035,10023.622663795664
5620,2224,7035,10023.622663795664
5625,2224,7035,10023.622663795664
5630,2224,7035,10023.622663795664
5635,2224,7035,10023.622663795664
5640,2224,7035,10023.622663795664
5645,2224,7035,10023.622663795664
5650,2224,7035,10023.622663795664
5655,2224,7035,10023.622663795664
5660,2224,7035,10023.622663795664
5665,2224,7035,10023.622663795664
5670,2224,7035,10023.622663795664
5675,2224,7035,10023.622663795664
5680,2224,7035,10023.622663795664
5685,2224,7035,10023.622663795664
5690,2118,7212,10058.516143472521
5695,2118,7212,10058.516143472521
5700,2118,7212,10058.516143472521
5705,2118,7212,10058.516143472521
5710,2118,7212,10058.516143472521
5715,2118,7212,10058.516143472521
5720,2118,7212,10058.516143472521
5725,2118,7212,10058.516143472521
5730,2118,7212,10058.516143472521
5735,2118,7212,10058.516143472521
5740,2118,7212,10058.516143472521
5745,2118,7212,10058.516143472521
5750,2118,7212,10058.516143472521
5755,2118,7212,10058.516143472521
5760,2118,7212,10058.516143472521
5765,2118,7212,10058.516143472521
5770,2118,7212,10058.516143472521
5775,2118,7212,10058.516143472521
5780,2118,7212,10058.516143472521
5785,2118,7212,10058.516143472521
5790,2118,7212,10058.516143472521
5795,2118,7212,10058.516143472521
5800,2118,7212,10058.516143472521
5805,2118,7212,10058.516143472521
5810,2118,7212,10058.516143472521
5815,2118,7212,10058.516143472521
5820,2118,7212,10058.516143472521
5825,2118,7212,10058.516143472521
5830,2118,7212,10058.516143472521
5835,2118,7212,10058.516143472521
5840,2118,7212,10058.516143472521
5845,2118,7212,10058.516143472521
5850,2118,7212,10058.516143472521
5855,2118,7212,10058.516143472521
5860,2118,7212,10058.516143472521
5865,2118,7212,10058.516143472521
5870,2118,7212,10058.516143472521
5875,2118,7212,10058.516143472521
5880,2118,7212,10058.516143472521
5885,2118,7212,10058.516143472521
5890,2118,7212,10058.516143472521
5895,2118,7212,10058.516143472521
5900,2725,6604,10267.266391937079
5905,2725,6604,10267.266391937079
5910,2725,6604,10267.266391937079
5915,2725,6604,10267.266391937079
5920,2725,6604,10267.266391937079
5925,2725,6604,10267.266391937079
5930,2725,6604,10267.266391937079
5935,2725,6604,10267.266391937079
5940,2725,6604,10267.266391937079
5945,2725,6604,10267.266391937079
5950,2725,6604,10267.266391937079
5955,2725,6604,10267.266391937079
5960,2725,6604,10267.266391937079
5965,2725,6604,10267.266391937079
5970,2725,6604,10267.266391937079
5975,2725,6604,10267.266391937079
5980,2725,6604,10267.266391937079
5985,2725,6604,10267.266391937079
5990,2725,6604,10267.266391937079
5995,2725,6604,10267.266391937079
6000,2725,6604,10267.266391937079
6005,2725,6604,10267.266391937079
6010,2725,6604,10267.266391937079
6015,2725,6604,10267.266391937079
6020,2725,6604,10267.266391937079
6025,2725,6604,10267.266391937079
6030,2725,6604,10267.266391937079
6035,2725,6604,10267.266391937079
6040,2725,6604,10267.266391937079
6045,2725,6604,10267.266391937079
6050,2725,6604,10267.266391937079
6055,2725,6604,10267.266391937079
6060,2725,6604,10267.266391937079
6065,2725,6604,10267.266391937079
6070,2725,6604,10267.266391937079
6075,2725,6604,10267.266391937079
6080,2725,6604,10267.266391937079
6085,2725,6604,10267.266391937079
6090,2725,6604,10267.266391937079
6095,2725,6604,10267.266391937079
6100,2725,6604,10267.266391937079
6105,2725,6604,10267.266391937079
6110,2725,6604,10267.266391937079
6115,2725,6604,10267.266391937079
6120,2725,6604,10267.266391937079
6125,2725,6604,10267.266391937079
6130,2725,6604,10267.266391937079
6135,2725,6604,10267.266391937079
6140,2725,6604,10267.266391937079
6145,2725,6604,10267.266391937079
6150,2725,6604,10267.266391937079
6155,2725,6604,10267.266391937079
6160,2725,6604,10267.266391937079
6165,2725,6604,10267.266391937079
6170,2725,6604,10267.266391937079
6175,2725,6604,10267.266391937079
6180,2725,6604,10267.266391937079
6185,2725,6604,10267.266391937079
6190,2725,6604,10267.266391937079
6195,2725,6604,10267.266391937079
6200,2725,6604,10267.266391937079
6205,2725,6604,10267.266391937079
6210,2725,6604,10267.266391937079
6215,2725,6604,10267.266391937079
6220,2725,6604,10267.266391937079
6225,2725,6604,10267.266391937079
6230,2725,6604,10267.266391937079
6235,2725,6604,10267.266391937079
6240,2725,6604,10267.266391937079
6245,2725,6604,10267.266391937079
6250,2725,6604,10267.266391937079
6255,2725,6604,10267.266391937079
6260,2725,6604,10267.266391937079
6265,2725,6604,10267.266391937079
6270,2725,6604,10267.266391937079
6275,2725,6604,10267.266391937079
6280,2725,6604,10267.266391937079
6285,2725,6604,10267.266391937079
6290,2725,6604,10267.266391937079
6295,2725,6604,10267.266391937079
6300,2725,6604,10267.266391937079
6305,2725,6604,10267.266391937079
6310,2725,6604,10267.266391937079
6315,2725,6604,10267.266391937079
6320,2725,6604,10267.266391937079
6325,2725,6604,10267.266391937079
6330,2725,6604,10267.266391937079
6335,2725,6604,10267.266391937079
6340,2725,6604,10267.266391937079
6345,2725,6604,10267.266391937079
6350,2725,6604,10267.266391937079
6355,2725,6604,10267.266391937079
6360,2725,6604,10267.266391937079
6365,2725,6604,10267.266391937079
6370,2725,6604,10267.266391937079
6375,2725,6604,10267.266391937079
6380,2725,6604,10267.266391937079
6385,2725,6604,10267.266391937079
6390,2725,6604,10267.266391937079
6395,2725,6604,10267.266391937079
6400,2725,6604,10267.266391937079
6405,2725,6604,10267.266391937079
6410,2725,6604,10267.266391937079
6415,2725,6604,10267.266391937079
6420,2725,6604,10267.266391937079
6425,2725,6604,10267.266391937079
6430,2725,6604,10267.266391937079
6435,2725,6604,10267.266391937079
6440,2453,7037,10334.276079002473
6445,2453,7037,10334.276079002473
6450,2453,7037,10336.276079002473
6455,2453,7037,10336.276079002473
6460,2453,7037,10336.276079002473
6465,2453,7037,10336.276079002473
6470,2453,7037,10336.276079002473
6475,2453,7037,10336.276079002473
6480,2453,7037,10336.276079002473
6485,2453,7037,10336.276079002473
6490,2453,7037,10336.276079002473
6495,2453,7037,10336.276079002473
6500,1840,8060,10534.48390117755
6505,1840,8060,10534.48390117755
6510,1840,8060,10534.48390117755
6515,1840,8060,10534.48390117755
6520,1840,8060,10534.483901177551
6525,1840,8060,10534.483901177551
6530,1840,8060,10534.483901177551
6535,1840,8060,10534.483901177551
6540,1840,8060,10536.483901177551
6545,1840,8060,10536.483901177551
6550,1840,8060,10536.483901177551
6555,1840,8060,10536.48390117755
6560,1840,8060,10536.48390117755
6565,1840,8060,10536.48390117755
6570,1840,8060,10536.48390117755
6575,1840,8060,10536.48390117755
6580,1840,8060,10536.48390117755
6585,1840,8060,10536.48390117755
6590,1840,8060,10536.48390117755
6595,1840,8060,10536.48390117755
6600,1840,8060,10536.48390117755
6605,1840,8060,10536.48390117755
6610,1840,8060,10536.48390117755
6615,1840,8060,10536.48390117755
6620,1840,8060,10536.48390117755
6625,1840,8060,10536.48390117755
6630,1840,8060,10536.48390117755
6635,1840,8060,10536.48390117755
6640,1840,8060,10536.48390117755
6645,1656,8382,10609.584010229188
6650,1568,8537,10648.13647345462
6655,1568,8537,10648.13647345462
6660,1372,8905,10750.709074911978
6665,1372,8905,10750.709074911978
6670,1372,8905,10750.709074911978
6675,1372,8905,10750.709074911978
6680,1372,8905,10750.709074911978
6685,1372,8905,10750.709074911978
6690,1372,8905,10750.709074911978
6695,1372,8905,10750.709074911978
6700,1372,8905,10750.709074911978
6705,1372,8905,10750.709074911978
6710,1372,8905,10750.709074911978
6715,1372,8905,10750.709074911978
6720,1372,8905,10750.709074911978
6725,1372,8905,10750.709074911978
6730,1372,8905,10750.709074911978
6735,1372,8905,10750.709074911978
6740,1262,9118,10816.794640974213
6745,1262,9118,10816.794640974213
6750,1262,9118,10816.794640974213
6755,1262,9118,10816.794640974213
6760,1262,9118,10816.794640974213
6765,1262,9118,10816.794640974213
6770,1262,9118,10816.794640974213
6775,1262,9118,10816.794640974213
6780,1262,9118,10816.794640974213
6785,1262,9118,10816.794640974213
6790,1262,9118,10817.794640974213
6795,1262,9118,10817.794640974213
6800,1262,9118,10817.794640974213
6805,1262,9118,10817.794640974213
6810,1262,9118,10817.794640974213
6815,1262,9118,10817.794640974213
6820,1262,9118,10817.794640974213
6825,1262,9118,10817.794640974213
6830,1262,9118,10817.794640974213
6835,1262,9118,10817.794640974213
6840,1262,9118,10817.794640974213
6845,1262,9118,10817.794640974213
6850,1262,9118,10817.794640974213
6855,1262,9118,10817.794640974213
6860,1262,9118,10817.794640974214
6865,1262,9118,10817.794640974214
6870,1262,9118,10817.794640974214
6875,1262,9118,10817.794640974214
6880,1262,9118,10817.794640974214
6885,1262,9118,10817.794640974214
6890,1262,9118,10817.794640974214
6895,1262,9118,10816.794640974214
6900,1262,9118,10816.794640974214
6905,1262,9118,10816.794640974214
6910,1262,9118,10816.794640974214
6915,1262,9118,10816.794640974214
6920,2516,7864,11251.09787784026
6925,2516,7864,11251.09787784026
6930,2516,7864,11251.09787784026
6935,2516,7864,11251.09787784026
6940,2516,7864,11251.09787784026
6945,2516,7864,11251.09787784026
6950,2516,7864,11251.09787784026
6955,2516,7864,11251.09787784026
6960,2516,7864,11251.09787784026
6965,2516,7864,11251.09787784026
6970,2516,7864,11251.09787784026
6975,2516,7864,11251.09787784026
6980,2516,7864,11251.09787784026
6985,2516,7864,11251.09787784026
6990,2516,7864,11251.09787784026
6995,2516,7864,11251.09787784026
7000,2516,7864,11251.09787784026
7005,2516,7864,11251.09787784026
7010,2516,7864,11251.09787784026
7015,2516,7864,11251.09787784026
7020,2516,7864,11251.09787784026
7025,2516,7864,11251.09787784026
7030,2516,7864,11251.09787784026
7035,2516,7864,11251.09787784026
7040,2516,7864,11251.09787784026
7045,2516,7864,11251.09787784026
7050,2516,7864,11251.09787784026
7055,2516,7864,11251.09787784026
7060,2516,7864,11251.09787784026
7065,2516,7864,11251.09787784026
7070,2516,7864,11251.09787784026
7075,2516,7864,11251.09787784026
7080,2516,7864,11251.09787784026
7085,2516,7864,11251.09787784026
7090,2516,7864,11251.09787784026
7095,2516,7864,11251.09787784026
7100,2516,7864,11248.09787784026
7105,2516,7864,11248.09787784026
7110,2516,7864,11251.09787784026
7115,2516,7864,11251.09787784026
7120,2516,7864,11251.09787784026
7125,2516,7864,11251.09787784026
7130,2516,7864,11251.09787784026
7135,2516,7864,11251.09787784026
7140,2516,7864,11251.09787784026
7145,2516,7864,11251.09787784026
7150,2516,7864,11251.09787784026
7155,2516,7864,11251.09787784026
7160,2516,7864,11251.09787784026
7165,2516,7864,11251.09787784026
7170,2516,7864,11251.09787784026
7175,2516,7864,11251.09787784026
7180,2516,7864,11251.09787784026
7185,2516,7864,11251.09787784026
7190,2516,7864,11251.09787784026
7195,2516,7864,11253.09787784026
7200,2516,7864,11253.09787784026
7205,2516,7864,11253.09787784026
7210,2516,7864,11253.09787784026
7215,2516,7864,11253.09787784026
7220,2516,7864,11253.09787784026
7225,2516,7864,11253.09787784026
7230,2516,7864,11253.09787784026
7235,2516,7864,11253.09787784026
7240,2516,7864,11253.09787784026
7245,2516,7864,11253.09787784026
7250,2516,7864,11253.09787784026
7255,2516,7864,11253.09787784026
7260,2516,7864,11253.09787784026
7265,2516,7864,11253.09787784026
7270,2516,7864,11253.09787784026
7275,2516,7864,11253.09787784026
7280,2516,7864,11253.09787784026
7285,2516,7864,11253.09787784026
7290,2516,7864,11253.09787784026
7295,2516,7864,11253.09787784026
7300,2516,7864,11253.09787784026
7305,2516,7864,11253.09787784026
7310,2516,7864,11253.09787784026
7315,2516,7864,11253.09787784026
7320,2516,7864,11253.09787784026
7325,2516,7864,11253.09787784026
7330,2516,7864,11253.09787784026
7335,2516,7864,11253.09787784026
7340,2516,7864,11253.09787784026
7345,2516,7864,11253.09787784026
7350,2516,7864,11253.09787784026
7355,2516,7864,11253.09787784026
7360,2516,7864,11253.09787784026
7365,2516,7864,11253.09787784026
7370,2516,7864,11253.09787784026
7375,2516,7864,11253.09787784026
7380,2516,7864,11253.09787784026
7385,2516,7864,11253.09787784026
7390,2516,7864,11253.09787784026
7395,2516,7864,11253.09787784026
7400,2516,7864,11253.09787784026
7405,2516,7864,11253.09787784026
7410,2516,7864,11253.09787784026
7415,2516,7864,11253.09787784026
7420,2516,7864,11253.09787784026
7425,2516,7864,11253.09787784026
7430,2516,7864,11253.09787784026
7435,2516,7864,11253.09787784026
7440,2516,7864,11253.09787784026
7445,2516,7864,11253.09787784026
7450,2516,7864,11253.09787784026
7455,2516,7864,11253.09787784026
7460,2516,7864,11253.09787784026
7465,2516,7864,11253.09787784026
7470,2516,7864,11253.09787784026
7475,2516,7864,11253.09787784026
7480,2516,7864,11253.09787784026
7485,2516,7864,11253.09787784026
7490,2516,7864,11253.09787784026
7495,2265,8309,11358.529928514523
7500,2265,8309,11358.529928514523
7505,2265,8309,11358.529928514523
7510,2265,8309,11358.529928514523
7515,2265,8309,11358.529928514523
7520,2265,8309,11358.529928514523
7525,2265,8309,11358.529928514523
7530,2265,8309,11358.529928514523
7535,2265,8309,11358.529928514523
7540,2265,8309,11358.529928514523
7545,2265,8309,11358.529928514523
7550,2265,8309,11358.529928514523
7555,2265,8309,11358.529928514523
7560,2265,8309,11358.529928514523
7565,2265,8309,11358.529928514523
7570,2265,8309,11358.529928514523
7575,2265,8309,11358.529928514523
7580,2265,8309,11358.529928514523
7585,2265,8309,11358.529928514523
7590,2265,8309,11358.529928514523
7595,2265,8309,11358.529928514523
7600,2265,8309,11358.529928514523
7605,2265,8309,11358.529928514523
7610,2265,8309,11358.529928514523
7615,2265,8309,11358.529928514523
7620,2265,8309,11358.529928514523
7625,2265,8309,11358.529928514523
7630,2265,8309,11358.529928514523
7635,2265,8309,11358.529928514523
7640,2265,8309,11358.529928514523
7645,2265,8309,11358.529928514523
7650,2265,8309,11358.529928514523
7655,2265,8309,11358.529928514523
7660,2265,8309,11358.529928514523
7665,2265,8309,11358.529928514523
7670,2265,8309,11358.529928514523
7675,2265,8309,11358.529928514523
7680,2265,8309,11358.529928514523
7685,2265,8309,11358.529928514523
7690,2265,8309,11358.529928514523
7695,2265,8309,11358.529928514523
7700,2265,8309,11358.529928514523
7705,2265,8309,11358.529928514523
7710,2265,8309,11358.529928514523
7715,2265,8309,11358.529928514523
7720,2265,8309,11358.529928514523
7725,2038,8712,11457.188624046956
7730,2038,8712,11457.188624046956
7735,2038,8712,11457.188624046956
7740,2038,8712,11457.188624046956
7745,2038,8712,11457.188624046956
7750,2038,8712,11457.188624046956
7755,2038,8712,11457.188624046956
7760,2038,8712,11457.188624046956
7765,2038,8712,11457.188624046956
7770,2038,8712,11457.188624046956
7775,2038,8712,11457.188624046958
7780,2038,8712,11457.188624046958
7785,2038,8712,11457.188624046958
7790,2038,8712,11457.188624046958
7795,2038,8712,11457.188624046958
7800,2038,8712,11457.188624046958
7805,2038,8712,11457.188624046958
7810,2038,8712,11457.188624046958
7815,2038,8712,11457.188624046958
7820,2038,8712,11457.188624046958
7825,2038,8712,11457.188624046958
7830,2038,8712,11457.188624046958
7835,2038,8712,11457.188624046958
7840,2038,8712,11457.188624046958
7845,2038,8712,11453.188624046958
7850,2038,8712,11453.188624046958
7855,2038,8712,11453.188624046958
7860,2038,8712,11453.188624046958
7865,2038,8712,11453.188624046958
7870,2038,8712,11453.188624046958
7875,2038,8712,11453.188624046958
7880,2038,8712,11453.188624046958
7885,2038,8712,11453.188624046958
7890,2038,8712,11453.188624046958
7895,2038,8712,11453.188624046958
7900,2038,8712,11453.188624046958
7905,2038,8712,11453.188624046958
7910,2038,8712,11453.188624046958
7915,2038,8712,11453.188624046958
7920,2038,8712,11453.188624046958
7925,2038,8712,11453.188624046958
7930,2038,8712,11453.188624046958
7935,2038,8712,11453.188624046958
7940,2038,8712,11453.188624046958
7945,2038,8712,11453.188624046958
7950,2038,8712,11453.188624046958
7955,2038,8712,11453.188624046958
7960,2038,8712,11453.188624046958
7965,2038,8712,11453.188624046958
7970,2038,8712,11453.188624046958
7975,2038,8712,11453.188624046958
7980,2038,8712,11453.188624046958
7985,2038,8712,11453.188624046958
7990,2038,8712,11453.188624046958
7995,2038,8712,11453.188624046958
8000,2038,8712,11453.188624046958
8005,2038,8712,11453.188624046958
8010,2038,8712,11453.188624046958
8015,2038,8712,11453.188624046958
8020,2922,7828,11758.135224661306
8025,2922,7828,11758.135224661306
8030,2922,7828,11758.135224661306
8035,2922,7828,11758.135224661306
8040,2922,7828,11758.135224661306
8045,2922,7828,11758.135224661306
8050,2922,7828,11758.135224661306
8055,2922,7828,11758.135224661306
8060,2922,7828,11758.135224661306
8065,2922,7828,11758.135224661306
8070,2922,7828,11758.135224661306
8075,2922,7828,11758.135224661306
8080,2922,7828,11758.135224661306
8085,2922,7828,11758.135224661306
8090,2922,7828,11758.135224661306
8095,2922,7828,11758.135224661306
8100,2922,7828,11758.135224661306
8105,2922,7828,11758.135224661306
8110,2922,7828,11758.135224661306
8115,2922,7828,11758.135224661306
8120,2922,7828,11758.135224661306
8125,2922,7828,11758.135224661306
8130,2922,7828,11758.135224661306
8135,2922,7828,11758.135224661306
8140,2922,7828,11758.135224661306
8145,2922,7828,11758.135224661306
8150,2922,7828,11758.135224661306
8155,2922,7828,11758.135224661306
8160,2922,7828,11758.135224661306
8165,2922,7828,11758.135224661306
8170,2922,7828,11758.135224661306
8175,2922,7828,11758.135224661306
8180,2922,7828,11758.135224661306
8185,2922,7828,11758.135224661306
8190,2922,7828,11758.135224661306
8195,2922,7828,11758.135224661306
8200,2922,7828,11758.135224661306
8205,2922,7828,11758.135224661306
8210,2922,7828,11758.135224661306
8215,2922,7828,11758.135224661306
8220,2922,7828,11758.135224661306
8225,2922,7828,11758.135224661306
8230,2922,7828,11758.135224661306
8235,2922,7828,11758.135224661306
8240,2922,7828,11758.135224661306
8245,2922,7828,11758.135224661306
8250,2922,7828,11758.135224661306
8255,2922,7828,11758.135224661306
8260,2922,7828,11758.135224661306
8265,2922,7828,11758.135224661306
8270,2922,7828,11758.135224661306
8275,2922,7828,11758.135224661306
8280,2922,7828,11758.135224661306
8285,2922,7828,11758.135224661306
8290,2922,7828,11758.135224661306
8295,2922,7828,11758.135224661306
8300,2922,7828,11758.135224661306
8305,2922,7828,11758.135224661306
8310,2922,7828,11758.135224661306
8315,2922,7828,11758.135224661306
8320,2922,7828,11758.135224661306
8325,2922,7828,11758.135224661306
8330,2922,7828,11758.135224661306
8335,2922,7828,11758.135224661306
8340,2922,7828,11758.135224661306
8345,2922,7828,11758.135224661306
8350,2922,7828,11758.135224661306
8355,2922,7828,11758.135224661306
8360,2922,7828,11758.135224661306
8365,2922,7828,11758.135224661306
8370,2922,7828,11758.135224661306
8375,2922,7828,11758.135224661306
8380,2922,7828,11758.135224661306
8385,2922,7828,11758.135224661306
8390,2922,7828,11758.135224661306
8395,2922,7828,11758.135224661306
8400,2922,7828,11758.135224661306
8405,2922,7828,11758.135224661306
8410,2922,7828,11758.135224661306
8415,2922,7828,11758.135224661306
8420,2922,7828,11758.135224661306
8425,2922,7828,11758.135224661306
8430,2922,7828,11758.135224661306
8435,2922,7828,11758.135224661306
8440,2922,7828,11758.135224661306
8445,2922,7828,11758.135224661306
8450,2922,7828,11764.135224661306
8455,2922,7828,11764.135224661306
8460,2922,7828,11764.135224661306
8465,2922,7828,11764.135224661306
8470,2922,7828,11764.135224661306
8475,2922,7828,11764.135224661306
8480,2922,7828,11764.135224661306
8485,2922,7828,11764.135224661306
8490,2922,7828,11764.135224661306
8495,2922,7828,11764.135224661306
8500,2922,7828,11764.135224661306
8505,2922,7828,11764.135224661306
8510,2922,7828,11764.135224661306
8515,2922,7828,11764.135224661306
8520,2922,7828,11764.135224661306
8525,2922,7828,11764.135224661306
8530,3998,6752,12137.766631270377
8535,3998,6752,12137.766631270377
8540,3998,6752,12137.766631270377
8545,3998,6752,12137.766631270377
8550,3998,6752,12137.766631270377
8555,3998,6752,12137.766631270377
8560,3998,6752,12137.766631270377
8565,3998,6752,12137.766631270377
8570,3998,6752,12137.766631270377
8575,3998,6752,12137.766631270377
8580,3998,6752,12137.766631270377
8585,3998,6752,12137.766631270377
8590,3998,6752,12137.766631270377
8595,3998,6752,12137.766631270377
8600,3998,6752,12137.766631270377
8605,3998,6752,12137.766631270377
8610,3998,6752,12137.766631270377
8615,3998,6752,12137.766631270377
8620,3998,6752,12137.766631270377
8625,3998,6752,12137.766631270377
8630,3998,6752,12137.766631270377
8635,3998,6752,12137.766631270377
8640,3998,6752,12137.766631270377
8645,3998,6752,12137.766631270377
8650,3998,6752,12137.766631270377
8655,3998,6752,12137.766631270377
8660,3998,6752,12137.766631270377
8665,3998,6752,12137.766631270377
8670,3998,6752,12137.766631270377
8675,3998,6752,12137.766631270377
8680,3998,6752,12137.766631270377
8685,3998,6752,12137.766631270377
8690,3998,6752,12137.766631270377
8695,3998,6752,12137.766631270377
8700,3998,6752,12137.766631270377
8705,3998,6752,12137.766631270377
8710,3998,6752,12137.766631270377
8715,3998,6752,12137.766631270377
8720,3998,6752,12137.766631270377
8725,3998,6752,12137.766631270377
8730,3998,6752,12137.766631270377
8735,3998,6752,12137.766631270377
8740,3998,6752,12137.766631270377
8745,3998,6752,12137.766631270377
8750,3998,6752,12137.766631270377
8755,3998,6752,12137.766631270377
8760,3998,6752,12137.766631270377
8765,3998,6752,12137.766631270377
8770,4451,6299,12295.187274268033
8775,4904,5847,12451.607917265692
8780,4904,5847,12451.607917265692
8785,4904,5847,12451.607917265692
8790,4904,5847,12451.607917265692
8795,4904,5847,12451.607917265692
8800,4904,5847,12451.607917265692
8805,4904,5847,12451.607917265692
8810,4904,5847,12451.607917265692
8815,4904,5847,12451.607917265692
8820,4904,5847,12451.607917265692
8825,4904,5847,12451.607917265692
8830,4904,5847,12451.607917265692
8835,4904,5847,12451.607917265692
8840,4904,5847,12451.607917265692
8845,4904,5847,12451.607917265692
8850,4904,5847,12451.607917265692
8855,4904,5847,12451.607917265692
8860,4904,5847,12451.607917265692
8865,4904,5847,12451.607917265692
8870,4904,5847,12451.607917265692
8875,4904,5847,12451.607917265692
8880,4904,5847,12451.607917265692
8885,4904,5847,12451.607917265692
8890,4904,5847,12451.607917265692
8895,4904,5847,12451.607917265692
8900,4904,5847,12451.607917265692
8905,4904,5847,12451.607917265692
8910,4904,5847,12451.607917265692
8915,4904,5847,12451.607917265692
8920,4904,5847,12451.607917265692
8925,4904,5847,12451.607917265692
8930,4904,5847,12451.607917265692
8935,4904,5847,12451.607917265692
8940,4413,6519,12464.081137746954
8945,4413,6519,12464.081137746954
8950,4413,6519,12464.081137746954
8955,3310,8108,12567.144569706104
8960,3310,8108,12567.144569706104
8965,3310,8108,12567.144569706104
8970,3310,8108,12567.144569706104
8975,3310,8108,12567.144569706104
8980,3310,8108,12567.144569706104
8985,3310,8108,12567.144569706104
8990,3310,8108,12567.144569706104
8995,3310,8108,12567.144569706104
9000,3310,8108,12567.144569706104
9005,3310,8108,12567.144569706104
9010,3310,8108,12567.144569706104
9015,3310,8108,12567.144569706104
9020,3310,8108,12567.144569706104
9025,3310,8108,12567.144569706104
9030,3310,8108,12567.144569706104
9035,3310,8108,12567.144569706104
9040,3310,8108,12567.144569706104
9045,3310,8108,12567.144569706104
9050,3310,8108,12567.144569706104
9055,3310,8108,12567.144569706104
9060,3310,8108,12567.144569706104
9065,3310,8108,12567.144569706104
9070,3310,8108,12567.144569706104
9075,3310,8108,12567.144569706104
9080,3310,8108,12567.144569706103
9085,3310,8108,12567.144569706103
9090,3310,8108,12567.144569706103
9095,3310,8108,12567.144569706103
9100,3310,8108,12567.144569706103
9105,3310,8108,12567.144569706103
9110,3310,8108,12567.144569706103
9115,3310,8108,12567.144569706103
9120,3310,8108,12567.144569706103
9125,3310,8108,12567.144569706103
9130,3310,8108,12567.144569706103
9135,3310,8108,12567.144569706103
9140,3310,8108,12567.144569706103
9145,3310,8108,12567.144569706103
9150,3310,8108,12567.144569706103
9155,3310,8108,12567.144569706103
9160,3310,8108,12567.144569706103
9165,3310,8108,12567.144569706103
9170,3310,8108,12567.144569706106
9175,3310,8108,12567.144569706106
9180,3310,8108,12567.144569706106
9185,3310,8108,12567.144569706106
9190,3310,8108,12567.144569706106
9195,3310,8108,12567.144569706106
9200,3310,8108,12567.144569706106
9205,3310,8108,12567.144569706106
9210,3310,8108,12567.144569706106
9215,3310,8108,12567.144569706106
9220,3310,8108,12567.144569706106
9225,3310,8108,12567.144569706106
9230,3310,8108,12567.144569706106
9235,3310,8108,12567.144569706106
9240,3310,8108,12567.144569706106
9245,3310,8108,12567.144569706106
9250,3310,8108,12567.144569706106
9255,3310,8108,12567.144569706106
9260,3310,8108,12567.144569706106
9265,3310,8108,12567.144569706106
9270,3310,8108,12567.144569706106
9275,3310,8108,12567.144569706106
9280,3310,8108,12567.144569706106
9285,3310,8108,12567.144569706106
9290,3310,8108,12567.144569706106
9295,3310,8108,12567.144569706106
9300,3310,8108,12567.144569706106
9305,3310,8108,12567.144569706103
9310,3310,8108,12567.144569706103
9315,3310,8108,12567.144569706103
9320,3310,8108,12567.144569706103
9325,3310,8108,12560.144569706103
9330,3310,8108,12560.144569706103
9335,3061,8477,12594.699193223993
9340,3061,8477,12594.699193223993
9345,2502,9348,12713.59881729024
